experiment_id,experiment_version,status,date,git_commit,dataset,train_sites,test_sites,seq_len,pred_len,train_ratio,valid_ratio,test_ratio,seed,batch_size,learning_rate,max_epochs,checkpoint_metric,modalities,missing_modality_setting,ctx_masking_ratio,ts_masking_ratio,vq_in_ts,vq_in_ctx,vq_in_guide,data_split_version,scaler_version,output_dir,checkpoint_path,prediction_path,target_path,mae,rmse,mape,nmae,nrmse,notes,embedding_extracted,embedding_types,embedding_pooling,embedding_dim,embedding_output_dir,embedding_checkpoint
fusionSF_train10_test10,baseline_v0_legacy,legacy_preliminary,2026-07-28,unknown_dirty_worktree,MMSP,0-9,0-9,24,24,0.6,0.2,0.2,42,16,0.0016,100,val/mae,power|future_nwp|satellite,full_modalities,0.99,0,true,true,false,window_split_v0,global_fit_v0,logs/fusionSF_train10_test10/runs/1,logs/fusionSF_train10_test10/runs/1/checkpoints/epoch_epoch=008.ckpt,logs/fusionSF_train10_test10/runs/1/src.models.fusionSF_3modal.FusionSF3M/outputs.npy,logs/fusionSF_train10_test10/runs/1/src.models.fusionSF_3modal.FusionSF3M/targets.npy,0.0405198213,0.0858089276,1392.653564,,,Preliminary; split/scaler leakage risk,false,,,,,
fusionSF_power_optimized_train10_test10,baseline_v0_legacy,legacy_preliminary,2026-07-29,unknown_dirty_worktree,MMSP,0-9,0-9,24,24,0.6,0.2,0.2,42,16,0.0016,100,val/mae,power,missing_satellite_and_nwp,0.99,0,true,false,false,window_split_v0,global_fit_v0,logs/fusionSF_power_optimized_train10_test10/runs/1,logs/fusionSF_power_optimized_train10_test10/runs/1/checkpoints/epoch_epoch=001.ckpt,logs/fusionSF_power_optimized_train10_test10/runs/1/src.models.fusionSF_3modal.FusionSF3M/outputs.npy,logs/fusionSF_power_optimized_train10_test10/runs/1/src.models.fusionSF_3modal.FusionSF3M/targets.npy,0.1787382871,0.3044931048,0.697821,,,Degenerate all-zero predictions; invalid ablation,false,,,,,
fusionSF_power_nwp_optimized_train10_test10,baseline_v0_legacy,legacy_preliminary,2026-07-29,unknown_dirty_worktree,MMSP,0-9,0-9,24,24,0.6,0.2,0.2,42,16,0.0016,100,val/mae,power|future_nwp,missing_satellite,0.99,0,true,false,false,window_split_v0,global_fit_v0,logs/fusionSF_power_nwp_optimized_train10_test10/runs/1,logs/fusionSF_power_nwp_optimized_train10_test10/runs/1/checkpoints/epoch_epoch=001.ckpt,logs/fusionSF_power_nwp_optimized_train10_test10/runs/1/src.models.fusionSF_3modal.FusionSF3M/outputs.npy,logs/fusionSF_power_nwp_optimized_train10_test10/runs/1/src.models.fusionSF_3modal.FusionSF3M/targets.npy,0.1787382871,0.3044931048,0.697821,,,Degenerate all-zero predictions; invalid ablation,false,,,,,
fusionsf_zeroshot_train10_19_test0_9,baseline_v0_legacy,legacy_preliminary,2026-07-30,unknown_dirty_worktree,MMSP,10-19,0-9,24,24,0.6,0.2,0.2,42,16,0.0016,100,val/mae,power|future_nwp|satellite,full_modalities,0.85,0,false,false,false,window_split_v0,global_fit_v0,logs/fusionsf_zeroshot_train10_19_test0_9/runs/1,logs/fusionsf_zeroshot_train10_19_test0_9/runs/1/checkpoints/epoch_epoch=007.ckpt,logs/fusionsf_zeroshot_train10_19_test0_9/runs/1/src.models.fusionSF_3modal.FusionSF3M/outputs.npy,logs/fusionsf_zeroshot_train10_19_test0_9/runs/1/src.models.fusionSF_3modal.FusionSF3M/targets.npy,0.0443967298,0.0956509257,1482.835084,,,Preliminary cross-site result; different model settings from in-domain run,false,,,,,
20260730_205613_fusionsf3m_sites2_seq24_pred24_seed42,pipeline_v1_fixed,valid_or_debug,2026-07-30,4e8ad9f79a4813e36789f44fa2155b68e7b84ddd,MMSP,0-1,0-1,24,24,0.6,0.2,0.2,42,2,0.0016,1,val/mae,power|future_nwp|satellite,full_modalities,0.85,0.15,False,False,False,chronological_target_split_v1,train_only_fit_v1,/home/zhaopp/workspace/FusionSF/outputs/pipeline_v1_fixed/20260730_205613_fusionsf3m_sites2_seq24_pred24_seed42,/home/zhaopp/workspace/FusionSF/outputs/pipeline_v1_fixed/20260730_205613_fusionsf3m_sites2_seq24_pred24_seed42/checkpoints/epoch_epoch=000.ckpt,/home/zhaopp/workspace/FusionSF/outputs/pipeline_v1_fixed/20260730_205613_fusionsf3m_sites2_seq24_pred24_seed42/predictions.npy,/home/zhaopp/workspace/FusionSF/outputs/pipeline_v1_fixed/20260730_205613_fusionsf3m_sites2_seq24_pred24_seed42/targets.npy,0.219990210461674,0.28273980817148314,56.05504315357996,,,Capacity-normalized metrics are empty until station capacity metadata is supplied.,true,both,none|mean,16,/home/zhaopp/workspace/FusionSF/outputs/pipeline_v1_fixed/20260730_205613_fusionsf3m_sites2_seq24_pred24_seed42/embedding_export_test_v1,/home/zhaopp/workspace/FusionSF/outputs/pipeline_v1_fixed/20260730_205613_fusionsf3m_sites2_seq24_pred24_seed42/checkpoints/epoch_epoch=000.ckpt
20260730_210048_fusionsf3m_sites2_seq24_pred24_seed42,pipeline_v1_fixed,valid_or_debug,2026-07-30,4e8ad9f79a4813e36789f44fa2155b68e7b84ddd,MMSP,0-1,0-1,24,24,0.6,0.2,0.2,42,2,0.0016,1,val/mae,power|future_nwp|satellite,full_modalities,0.85,0.15,False,False,False,chronological_target_split_v1,train_only_fit_v1,/home/zhaopp/workspace/FusionSF/outputs/pipeline_v1_fixed/20260730_210048_fusionsf3m_sites2_seq24_pred24_seed42,/home/zhaopp/workspace/FusionSF/outputs/pipeline_v1_fixed/20260730_210048_fusionsf3m_sites2_seq24_pred24_seed42/checkpoints/epoch_epoch=000.ckpt,/home/zhaopp/workspace/FusionSF/outputs/pipeline_v1_fixed/20260730_210048_fusionsf3m_sites2_seq24_pred24_seed42/predictions.npy,/home/zhaopp/workspace/FusionSF/outputs/pipeline_v1_fixed/20260730_210048_fusionsf3m_sites2_seq24_pred24_seed42/targets.npy,0.219990210461674,0.28273980817148314,56.05504315357996,,,Capacity-normalized metrics are empty until station capacity metadata is supplied.,false,,,,,
chronos2_mmsp_site0_9,baseline_v0_legacy,legacy_preliminary,2026-07-29,unknown_dirty_worktree,MMSP,none,0-9,24,24,,,,42,,,,,power,full_modalities,,,,,,external_pretrained_v0,model_internal_or_global_v0,logs/chronos2_mmsp_site0_9,,logs/chronos2_mmsp_site0_9/outputs.npy,logs/chronos2_mmsp_site0_9/targets.npy,0.0661517122,0.136996269,,,,Pretrained Chronos-2; historical power only,false,,,,,
chronos2_nwp_mmsp_site0_9,baseline_v0_legacy,legacy_preliminary,2026-07-29,unknown_dirty_worktree,MMSP,none,0-9,24,24,,,,42,,,,,power|past_nwp|future_nwp,full_modalities,,,,,,external_pretrained_v0,model_internal_or_global_v0,logs/chronos2_nwp_mmsp_site0_9,,logs/chronos2_nwp_mmsp_site0_9/outputs.npy,logs/chronos2_nwp_mmsp_site0_9/targets.npy,0.0610139352,0.1178055925,,,,Pretrained Chronos-2; past and future NWP,false,,,,,
chronos2_future_nwp_only_mmsp_site0_9,baseline_v0_legacy,legacy_preliminary,2026-07-29,unknown_dirty_worktree,MMSP,none,0-9,24,24,,,,42,,,,,power|future_nwp,full_modalities,,,,,,external_pretrained_v0,model_internal_or_global_v0,logs/chronos2_future_nwp_only_mmsp_site0_9,,logs/chronos2_future_nwp_only_mmsp_site0_9/outputs.npy,logs/chronos2_future_nwp_only_mmsp_site0_9/targets.npy,0.0632332603,0.1303282393,,,,Pretrained Chronos-2; future NWP only,false,,,,,
20260730_211537_fusionsf3m_sites3_seq24_pred24_seed42,pipeline_v1_fixed,valid_or_debug,2026-07-30,4e8ad9f79a4813e36789f44fa2155b68e7b84ddd,MMSP,0-2,0-2,24,24,0.6,0.2,0.2,42,16,0.0016,3,val/mae,power|future_nwp|satellite,full_modalities,0.85,0.15,False,False,False,chronological_target_split_v1,train_only_fit_v1,/home/zhaopp/workspace/FusionSF/outputs/pipeline_v1_fixed/20260730_211537_fusionsf3m_sites3_seq24_pred24_seed42,/home/zhaopp/workspace/FusionSF/outputs/pipeline_v1_fixed/20260730_211537_fusionsf3m_sites3_seq24_pred24_seed42/checkpoints/epoch_epoch=002.ckpt,/home/zhaopp/workspace/FusionSF/outputs/pipeline_v1_fixed/20260730_211537_fusionsf3m_sites3_seq24_pred24_seed42/predictions.npy,/home/zhaopp/workspace/FusionSF/outputs/pipeline_v1_fixed/20260730_211537_fusionsf3m_sites3_seq24_pred24_seed42/targets.npy,0.04421339596770691,0.0885827908094961,3731.1702115756934,,,Capacity-normalized metrics are empty until station capacity metadata is supplied.,false,,,,,
20260730_211537_fusionsf3m_sites3_seq24_pred24_seed42__eval_full_modalities,pipeline_v1_fixed,valid_or_debug,2026-07-30,4e8ad9f79a4813e36789f44fa2155b68e7b84ddd,MMSP,0-2,0-2,24,24,0.6,0.2,0.2,42,64,0.0016,3,val/mae,power|future_nwp|satellite,full_modalities,0.85,0.15,False,False,False,chronological_target_split_v1,train_only_fit_v1,/home/zhaopp/workspace/FusionSF/outputs/pipeline_v1_fixed/20260730_211537_fusionsf3m_sites3_seq24_pred24_seed42/evaluation_20260730_212957/full_modalities,/home/zhaopp/workspace/FusionSF/outputs/pipeline_v1_fixed/20260730_211537_fusionsf3m_sites3_seq24_pred24_seed42/checkpoints/epoch_epoch=002.ckpt,/home/zhaopp/workspace/FusionSF/outputs/pipeline_v1_fixed/20260730_211537_fusionsf3m_sites3_seq24_pred24_seed42/evaluation_20260730_212957/full_modalities/predictions_raw.npy,/home/zhaopp/workspace/FusionSF/outputs/pipeline_v1_fixed/20260730_211537_fusionsf3m_sites3_seq24_pred24_seed42/evaluation_20260730_212957/full_modalities/targets.npy,0.04421339587600316,0.08858279069011715,3731.1702115485377,,,Checkpoint-only missing-modality evaluation; raw registry metrics. clipped_mae=0.044184398044246335; clipped_rmse=0.08858225362198506,false,,,,,
20260730_211537_fusionsf3m_sites3_seq24_pred24_seed42__eval_missing_satellite,pipeline_v1_fixed,valid_or_debug,2026-07-30,4e8ad9f79a4813e36789f44fa2155b68e7b84ddd,MMSP,0-2,0-2,24,24,0.6,0.2,0.2,42,64,0.0016,3,val/mae,power|future_nwp|satellite,missing_satellite,0.85,0.15,False,False,False,chronological_target_split_v1,train_only_fit_v1,/home/zhaopp/workspace/FusionSF/outputs/pipeline_v1_fixed/20260730_211537_fusionsf3m_sites3_seq24_pred24_seed42/evaluation_20260730_212957/missing_satellite,/home/zhaopp/workspace/FusionSF/outputs/pipeline_v1_fixed/20260730_211537_fusionsf3m_sites3_seq24_pred24_seed42/checkpoints/epoch_epoch=002.ckpt,/home/zhaopp/workspace/FusionSF/outputs/pipeline_v1_fixed/20260730_211537_fusionsf3m_sites3_seq24_pred24_seed42/evaluation_20260730_212957/missing_satellite/predictions_raw.npy,/home/zhaopp/workspace/FusionSF/outputs/pipeline_v1_fixed/20260730_211537_fusionsf3m_sites3_seq24_pred24_seed42/evaluation_20260730_212957/missing_satellite/targets.npy,0.1572589519358012,0.2585748791982792,6903.202228118897,,,Checkpoint-only missing-modality evaluation; raw registry metrics. clipped_mae=0.1572589519358012; clipped_rmse=0.2585748791982792,false,,,,,
20260730_211537_fusionsf3m_sites3_seq24_pred24_seed42__eval_missing_nwp,pipeline_v1_fixed,valid_or_debug,2026-07-30,4e8ad9f79a4813e36789f44fa2155b68e7b84ddd,MMSP,0-2,0-2,24,24,0.6,0.2,0.2,42,64,0.0016,3,val/mae,power|future_nwp|satellite,missing_nwp,0.85,0.15,False,False,False,chronological_target_split_v1,train_only_fit_v1,/home/zhaopp/workspace/FusionSF/outputs/pipeline_v1_fixed/20260730_211537_fusionsf3m_sites3_seq24_pred24_seed42/evaluation_20260730_212957/missing_nwp,/home/zhaopp/workspace/FusionSF/outputs/pipeline_v1_fixed/20260730_211537_fusionsf3m_sites3_seq24_pred24_seed42/checkpoints/epoch_epoch=002.ckpt,/home/zhaopp/workspace/FusionSF/outputs/pipeline_v1_fixed/20260730_211537_fusionsf3m_sites3_seq24_pred24_seed42/evaluation_20260730_212957/missing_nwp/predictions_raw.npy,/home/zhaopp/workspace/FusionSF/outputs/pipeline_v1_fixed/20260730_211537_fusionsf3m_sites3_seq24_pred24_seed42/evaluation_20260730_212957/missing_nwp/targets.npy,0.09943717776535588,0.1689897191567551,6554.061771959821,,,Checkpoint-only missing-modality evaluation; raw registry metrics. clipped_mae=0.09943717776535588; clipped_rmse=0.1689897191567551,false,,,,,
20260730_211537_fusionsf3m_sites3_seq24_pred24_seed42__eval_missing_satellite_and_nwp,pipeline_v1_fixed,valid_or_debug,2026-07-30,4e8ad9f79a4813e36789f44fa2155b68e7b84ddd,MMSP,0-2,0-2,24,24,0.6,0.2,0.2,42,64,0.0016,3,val/mae,power|future_nwp|satellite,missing_satellite_and_nwp,0.85,0.15,False,False,False,chronological_target_split_v1,train_only_fit_v1,/home/zhaopp/workspace/FusionSF/outputs/pipeline_v1_fixed/20260730_211537_fusionsf3m_sites3_seq24_pred24_seed42/evaluation_20260730_212957/missing_satellite_and_nwp,/home/zhaopp/workspace/FusionSF/outputs/pipeline_v1_fixed/20260730_211537_fusionsf3m_sites3_seq24_pred24_seed42/checkpoints/epoch_epoch=002.ckpt,/home/zhaopp/workspace/FusionSF/outputs/pipeline_v1_fixed/20260730_211537_fusionsf3m_sites3_seq24_pred24_seed42/evaluation_20260730_212957/missing_satellite_and_nwp/predictions_raw.npy,/home/zhaopp/workspace/FusionSF/outputs/pipeline_v1_fixed/20260730_211537_fusionsf3m_sites3_seq24_pred24_seed42/evaluation_20260730_212957/missing_satellite_and_nwp/targets.npy,0.17885212110324847,0.2858074690255977,12082.466568057349,,,Checkpoint-only missing-modality evaluation; raw registry metrics. clipped_mae=0.17885212110324847; clipped_rmse=0.2858074690255977,false,,,,,
20260730_213944_fusionsf3m_moddrop_sites3_seq24_pred24_seed42,pipeline_v1_fixed,valid_or_debug,2026-07-30,4e8ad9f79a4813e36789f44fa2155b68e7b84ddd,MMSP,0-2,0-2,24,24,0.6,0.2,0.2,42,16,0.0016,3,val/mae,power|future_nwp|satellite,full_modalities,0.85,0.15,False,False,False,chronological_target_split_v1,train_only_fit_v1,/home/zhaopp/workspace/FusionSF/outputs/pipeline_v1_fixed/20260730_213944_fusionsf3m_moddrop_sites3_seq24_pred24_seed42,/home/zhaopp/workspace/FusionSF/outputs/pipeline_v1_fixed/20260730_213944_fusionsf3m_moddrop_sites3_seq24_pred24_seed42/checkpoints/epoch_epoch=001.ckpt,/home/zhaopp/workspace/FusionSF/outputs/pipeline_v1_fixed/20260730_213944_fusionsf3m_moddrop_sites3_seq24_pred24_seed42/predictions.npy,/home/zhaopp/workspace/FusionSF/outputs/pipeline_v1_fixed/20260730_213944_fusionsf3m_moddrop_sites3_seq24_pred24_seed42/targets.npy,0.041244011432656845,0.08434099725121146,3064.190445489487,,,Capacity-normalized metrics are empty until station capacity metadata is supplied.,false,,,,,
20260730_213944_fusionsf3m_moddrop_sites3_seq24_pred24_seed42__eval_full_modalities,pipeline_v1_fixed,valid_or_debug,2026-07-30,4e8ad9f79a4813e36789f44fa2155b68e7b84ddd,MMSP,0-2,0-2,24,24,0.6,0.2,0.2,42,64,0.0016,3,val/mae,power|future_nwp|satellite,full_modalities,0.85,0.15,False,False,False,chronological_target_split_v1,train_only_fit_v1,/home/zhaopp/workspace/FusionSF/outputs/pipeline_v1_fixed/20260730_213944_fusionsf3m_moddrop_sites3_seq24_pred24_seed42/evaluation_20260730_214815/full_modalities,/home/zhaopp/workspace/FusionSF/outputs/pipeline_v1_fixed/20260730_213944_fusionsf3m_moddrop_sites3_seq24_pred24_seed42/checkpoints/epoch_epoch=001.ckpt,/home/zhaopp/workspace/FusionSF/outputs/pipeline_v1_fixed/20260730_213944_fusionsf3m_moddrop_sites3_seq24_pred24_seed42/evaluation_20260730_214815/full_modalities/predictions_raw.npy,/home/zhaopp/workspace/FusionSF/outputs/pipeline_v1_fixed/20260730_213944_fusionsf3m_moddrop_sites3_seq24_pred24_seed42/evaluation_20260730_214815/full_modalities/targets.npy,0.041244011386542836,0.08434099713634875,3064.1904454762807,,,Checkpoint-only sensitivity evaluation; raw registry metrics. clipped_mae=0.04100726951342176; clipped_rmse=0.08433643285113723,false,,,,,
20260730_213944_fusionsf3m_moddrop_sites3_seq24_pred24_seed42__eval_missing_satellite,pipeline_v1_fixed,valid_or_debug,2026-07-30,4e8ad9f79a4813e36789f44fa2155b68e7b84ddd,MMSP,0-2,0-2,24,24,0.6,0.2,0.2,42,64,0.0016,3,val/mae,power|future_nwp|satellite,missing_satellite,0.85,0.15,False,False,False,chronological_target_split_v1,train_only_fit_v1,/home/zhaopp/workspace/FusionSF/outputs/pipeline_v1_fixed/20260730_213944_fusionsf3m_moddrop_sites3_seq24_pred24_seed42/evaluation_20260730_214815/missing_satellite,/home/zhaopp/workspace/FusionSF/outputs/pipeline_v1_fixed/20260730_213944_fusionsf3m_moddrop_sites3_seq24_pred24_seed42/checkpoints/epoch_epoch=001.ckpt,/home/zhaopp/workspace/FusionSF/outputs/pipeline_v1_fixed/20260730_213944_fusionsf3m_moddrop_sites3_seq24_pred24_seed42/evaluation_20260730_214815/missing_satellite/predictions_raw.npy,/home/zhaopp/workspace/FusionSF/outputs/pipeline_v1_fixed/20260730_213944_fusionsf3m_moddrop_sites3_seq24_pred24_seed42/evaluation_20260730_214815/missing_satellite/targets.npy,0.04385367674997576,0.08409223668765826,3610.6172877828685,,,Checkpoint-only sensitivity evaluation; raw registry metrics. Source run trained with whole-modality dropout; this is a robustness evaluation. clipped_mae=0.043751595068014605; clipped_rmse=0.0840903162310394,false,,,,,
20260730_213944_fusionsf3m_moddrop_sites3_seq24_pred24_seed42__eval_missing_nwp,pipeline_v1_fixed,valid_or_debug,2026-07-30,4e8ad9f79a4813e36789f44fa2155b68e7b84ddd,MMSP,0-2,0-2,24,24,0.6,0.2,0.2,42,64,0.0016,3,val/mae,power|future_nwp|satellite,missing_nwp,0.85,0.15,False,False,False,chronological_target_split_v1,train_only_fit_v1,/home/zhaopp/workspace/FusionSF/outputs/pipeline_v1_fixed/20260730_213944_fusionsf3m_moddrop_sites3_seq24_pred24_seed42/evaluation_20260730_214815/missing_nwp,/home/zhaopp/workspace/FusionSF/outputs/pipeline_v1_fixed/20260730_213944_fusionsf3m_moddrop_sites3_seq24_pred24_seed42/checkpoints/epoch_epoch=001.ckpt,/home/zhaopp/workspace/FusionSF/outputs/pipeline_v1_fixed/20260730_213944_fusionsf3m_moddrop_sites3_seq24_pred24_seed42/evaluation_20260730_214815/missing_nwp/predictions_raw.npy,/home/zhaopp/workspace/FusionSF/outputs/pipeline_v1_fixed/20260730_213944_fusionsf3m_moddrop_sites3_seq24_pred24_seed42/evaluation_20260730_214815/missing_nwp/targets.npy,0.06218863922812319,0.11328758418197137,4305.234121533598,,,Checkpoint-only sensitivity evaluation; raw registry metrics. Source run trained with whole-modality dropout; this is a robustness evaluation. clipped_mae=0.062173932141458575; clipped_rmse=0.11328746063390871,false,,,,,
20260730_213944_fusionsf3m_moddrop_sites3_seq24_pred24_seed42__eval_missing_satellite_and_nwp,pipeline_v1_fixed,valid_or_debug,2026-07-30,4e8ad9f79a4813e36789f44fa2155b68e7b84ddd,MMSP,0-2,0-2,24,24,0.6,0.2,0.2,42,64,0.0016,3,val/mae,power|future_nwp|satellite,missing_satellite_and_nwp,0.85,0.15,False,False,False,chronological_target_split_v1,train_only_fit_v1,/home/zhaopp/workspace/FusionSF/outputs/pipeline_v1_fixed/20260730_213944_fusionsf3m_moddrop_sites3_seq24_pred24_seed42/evaluation_20260730_214815/missing_satellite_and_nwp,/home/zhaopp/workspace/FusionSF/outputs/pipeline_v1_fixed/20260730_213944_fusionsf3m_moddrop_sites3_seq24_pred24_seed42/checkpoints/epoch_epoch=001.ckpt,/home/zhaopp/workspace/FusionSF/outputs/pipeline_v1_fixed/20260730_213944_fusionsf3m_moddrop_sites3_seq24_pred24_seed42/evaluation_20260730_214815/missing_satellite_and_nwp/predictions_raw.npy,/home/zhaopp/workspace/FusionSF/outputs/pipeline_v1_fixed/20260730_213944_fusionsf3m_moddrop_sites3_seq24_pred24_seed42/evaluation_20260730_214815/missing_satellite_and_nwp/targets.npy,0.06833462560445787,0.11876435916011045,4436.464960676269,,,Checkpoint-only sensitivity evaluation; raw registry metrics. Source run trained with whole-modality dropout; this is a robustness evaluation. clipped_mae=0.06827370857748939; clipped_rmse=0.11876360747794316,false,,,,,
20260730_215301_fusionsf3m_moddrop_sites10_seq24_pred24_seed42,pipeline_v1_fixed,valid_or_debug,2026-07-30,4e8ad9f79a4813e36789f44fa2155b68e7b84ddd,MMSP,0-9,0-9,24,24,0.6,0.2,0.2,42,16,0.0016,10,val/mae,power|future_nwp|satellite,full_modalities,0.85,0.15,False,False,False,chronological_target_split_v1,train_only_fit_v1,/home/zhaopp/workspace/FusionSF/outputs/pipeline_v1_fixed/20260730_215301_fusionsf3m_moddrop_sites10_seq24_pred24_seed42,/home/zhaopp/workspace/FusionSF/outputs/pipeline_v1_fixed/20260730_215301_fusionsf3m_moddrop_sites10_seq24_pred24_seed42/checkpoints/epoch_epoch=001.ckpt,/home/zhaopp/workspace/FusionSF/outputs/pipeline_v1_fixed/20260730_215301_fusionsf3m_moddrop_sites10_seq24_pred24_seed42/predictions.npy,/home/zhaopp/workspace/FusionSF/outputs/pipeline_v1_fixed/20260730_215301_fusionsf3m_moddrop_sites10_seq24_pred24_seed42/targets.npy,0.0447424595060216,0.09350209175980762,2980.9793926958823,,,Capacity-normalized metrics are empty until station capacity metadata is supplied.,false,,,,,
20260730_215301_fusionsf3m_moddrop_sites10_seq24_pred24_seed42__eval_full_modalities,pipeline_v1_fixed,valid_or_debug,2026-07-31,4e8ad9f79a4813e36789f44fa2155b68e7b84ddd,MMSP,0-9,0-9,24,24,0.6,0.2,0.2,42,64,0.0016,10,val/mae,power|future_nwp|satellite,full_modalities,0.85,0.15,False,False,False,chronological_target_split_v1,train_only_fit_v1,/home/zhaopp/workspace/FusionSF/outputs/pipeline_v1_fixed/20260730_215301_fusionsf3m_moddrop_sites10_seq24_pred24_seed42/evaluation_20260731_continued/full_modalities,/home/zhaopp/workspace/FusionSF/outputs/pipeline_v1_fixed/20260730_215301_fusionsf3m_moddrop_sites10_seq24_pred24_seed42/checkpoints/epoch_epoch=001.ckpt,/home/zhaopp/workspace/FusionSF/outputs/pipeline_v1_fixed/20260730_215301_fusionsf3m_moddrop_sites10_seq24_pred24_seed42/evaluation_20260731_continued/full_modalities/predictions_raw.npy,/home/zhaopp/workspace/FusionSF/outputs/pipeline_v1_fixed/20260730_215301_fusionsf3m_moddrop_sites10_seq24_pred24_seed42/evaluation_20260731_continued/full_modalities/targets.npy,0.044742459481025385,0.09350209164381337,2980.979392681885,,,Checkpoint-only sensitivity evaluation; raw registry metrics. clipped_mae=0.04318429340000727; clipped_rmse=0.09345163651561139,false,,,,,
20260730_215301_fusionsf3m_moddrop_sites10_seq24_pred24_seed42__eval_missing_satellite,pipeline_v1_fixed,valid_or_debug,2026-07-31,4e8ad9f79a4813e36789f44fa2155b68e7b84ddd,MMSP,0-9,0-9,24,24,0.6,0.2,0.2,42,64,0.0016,10,val/mae,power|future_nwp|satellite,missing_satellite,0.85,0.15,False,False,False,chronological_target_split_v1,train_only_fit_v1,/home/zhaopp/workspace/FusionSF/outputs/pipeline_v1_fixed/20260730_215301_fusionsf3m_moddrop_sites10_seq24_pred24_seed42/evaluation_20260731_continued/missing_satellite,/home/zhaopp/workspace/FusionSF/outputs/pipeline_v1_fixed/20260730_215301_fusionsf3m_moddrop_sites10_seq24_pred24_seed42/checkpoints/epoch_epoch=001.ckpt,/home/zhaopp/workspace/FusionSF/outputs/pipeline_v1_fixed/20260730_215301_fusionsf3m_moddrop_sites10_seq24_pred24_seed42/evaluation_20260731_continued/missing_satellite/predictions_raw.npy,/home/zhaopp/workspace/FusionSF/outputs/pipeline_v1_fixed/20260730_215301_fusionsf3m_moddrop_sites10_seq24_pred24_seed42/evaluation_20260731_continued/missing_satellite/targets.npy,0.04660165658502787,0.09599605776094865,2597.172767086093,,,Checkpoint-only sensitivity evaluation; raw registry metrics. Source run trained with whole-modality dropout; this is a robustness evaluation. clipped_mae=0.04568155661602783; clipped_rmse=0.09597007066860203,false,,,,,
20260730_215301_fusionsf3m_moddrop_sites10_seq24_pred24_seed42__eval_missing_nwp,pipeline_v1_fixed,valid_or_debug,2026-07-31,4e8ad9f79a4813e36789f44fa2155b68e7b84ddd,MMSP,0-9,0-9,24,24,0.6,0.2,0.2,42,64,0.0016,10,val/mae,power|future_nwp|satellite,missing_nwp,0.85,0.15,False,False,False,chronological_target_split_v1,train_only_fit_v1,/home/zhaopp/workspace/FusionSF/outputs/pipeline_v1_fixed/20260730_215301_fusionsf3m_moddrop_sites10_seq24_pred24_seed42/evaluation_20260731_continued/missing_nwp,/home/zhaopp/workspace/FusionSF/outputs/pipeline_v1_fixed/20260730_215301_fusionsf3m_moddrop_sites10_seq24_pred24_seed42/checkpoints/epoch_epoch=001.ckpt,/home/zhaopp/workspace/FusionSF/outputs/pipeline_v1_fixed/20260730_215301_fusionsf3m_moddrop_sites10_seq24_pred24_seed42/evaluation_20260731_continued/missing_nwp/predictions_raw.npy,/home/zhaopp/workspace/FusionSF/outputs/pipeline_v1_fixed/20260730_215301_fusionsf3m_moddrop_sites10_seq24_pred24_seed42/evaluation_20260731_continued/missing_nwp/targets.npy,0.058043482618830786,0.11429027497453938,2923.6594992644573,,,Checkpoint-only sensitivity evaluation; raw registry metrics. Source run trained with whole-modality dropout; this is a robustness evaluation. clipped_mae=0.05647964764773323; clipped_rmse=0.11424757066644849,false,,,,,
20260730_215301_fusionsf3m_moddrop_sites10_seq24_pred24_seed42__eval_missing_satellite_and_nwp,pipeline_v1_fixed,valid_or_debug,2026-07-31,4e8ad9f79a4813e36789f44fa2155b68e7b84ddd,MMSP,0-9,0-9,24,24,0.6,0.2,0.2,42,64,0.0016,10,val/mae,power|future_nwp|satellite,missing_satellite_and_nwp,0.85,0.15,False,False,False,chronological_target_split_v1,train_only_fit_v1,/home/zhaopp/workspace/FusionSF/outputs/pipeline_v1_fixed/20260730_215301_fusionsf3m_moddrop_sites10_seq24_pred24_seed42/evaluation_20260731_continued/missing_satellite_and_nwp,/home/zhaopp/workspace/FusionSF/outputs/pipeline_v1_fixed/20260730_215301_fusionsf3m_moddrop_sites10_seq24_pred24_seed42/checkpoints/epoch_epoch=001.ckpt,/home/zhaopp/workspace/FusionSF/outputs/pipeline_v1_fixed/20260730_215301_fusionsf3m_moddrop_sites10_seq24_pred24_seed42/evaluation_20260731_continued/missing_satellite_and_nwp/predictions_raw.npy,/home/zhaopp/workspace/FusionSF/outputs/pipeline_v1_fixed/20260730_215301_fusionsf3m_moddrop_sites10_seq24_pred24_seed42/evaluation_20260731_continued/missing_satellite_and_nwp/targets.npy,0.06279182778541531,0.11500239674532313,2422.0986088175973,,,Checkpoint-only sensitivity evaluation; raw registry metrics. Source run trained with whole-modality dropout; this is a robustness evaluation. clipped_mae=0.06213855930039788; clipped_rmse=0.11498768746368146,false,,,,,
20260731_202545_fusionsf3m_zeroshot_train10_20_testsites10_seed42,pipeline_v1_fixed,valid_or_debug,2026-07-31,5b00ce38d3a22bdf2f38790a5891e2990baa249c,MMSP,10|11|12|13|14|15|16|17|18|19,0|1|2|3|4|5|6|7|8|9,24,24,0.6,0.2,0.2,42,16,0.0016,1,val/mae,power|future_nwp|satellite,full_modalities,0.85,0.15,False,False,False,chronological_target_split_v1,train_sites_and_time_only_fit_v1,/home/zhaopp/workspace/FusionSF/outputs/pipeline_v1_fixed/20260731_202545_fusionsf3m_zeroshot_train10_20_testsites10_seed42,/home/zhaopp/workspace/FusionSF/outputs/pipeline_v1_fixed/20260731_202545_fusionsf3m_zeroshot_train10_20_testsites10_seed42/checkpoints/epoch_epoch=000.ckpt,/home/zhaopp/workspace/FusionSF/outputs/pipeline_v1_fixed/20260731_202545_fusionsf3m_zeroshot_train10_20_testsites10_seed42/predictions.npy,/home/zhaopp/workspace/FusionSF/outputs/pipeline_v1_fixed/20260731_202545_fusionsf3m_zeroshot_train10_20_testsites10_seed42/targets.npy,0.24672943192151045,0.3029214422720632,1780.169772383302,,,Capacity-normalized metrics are empty until station capacity metadata is supplied.,false,,,,,
20260731_203240_fusionsf_fixedv1_prelim_power_sites10_seed42,pipeline_v1_fixed,valid_or_debug,2026-07-31,5b00ce38d3a22bdf2f38790a5891e2990baa249c,MMSP,0|1|2|3|4|5|6|7|8|9,0|1|2|3|4|5|6|7|8|9,24,24,0.6,0.2,0.2,42,16,0.0016,10,val/mae,power,full_modalities,0.85,0.15,False,False,False,chronological_target_split_v1,train_sites_and_time_only_fit_v1,/home/zhaopp/workspace/FusionSF/outputs/pipeline_v1_fixed/20260731_203240_fusionsf_fixedv1_prelim_power_sites10_seed42,/home/zhaopp/workspace/FusionSF/outputs/pipeline_v1_fixed/20260731_203240_fusionsf_fixedv1_prelim_power_sites10_seed42/checkpoints/epoch_epoch=005.ckpt,/home/zhaopp/workspace/FusionSF/outputs/pipeline_v1_fixed/20260731_203240_fusionsf_fixedv1_prelim_power_sites10_seed42/predictions.npy,/home/zhaopp/workspace/FusionSF/outputs/pipeline_v1_fixed/20260731_203240_fusionsf_fixedv1_prelim_power_sites10_seed42/targets.npy,0.07566506901481615,0.14914011208954464,2307.7999336095304,,,Capacity-normalized metrics are empty until station capacity metadata is supplied.,false,,,,,
20260731_203240_fusionsf_fixedv1_prelim_power_nwp_sites10_seed42,pipeline_v1_fixed,valid_or_debug,2026-07-31,5b00ce38d3a22bdf2f38790a5891e2990baa249c,MMSP,0|1|2|3|4|5|6|7|8|9,0|1|2|3|4|5|6|7|8|9,24,24,0.6,0.2,0.2,42,16,0.0016,10,val/mae,power|future_nwp,full_modalities,0.85,0.15,False,False,False,chronological_target_split_v1,train_sites_and_time_only_fit_v1,/home/zhaopp/workspace/FusionSF/outputs/pipeline_v1_fixed/20260731_203240_fusionsf_fixedv1_prelim_power_nwp_sites10_seed42,/home/zhaopp/workspace/FusionSF/outputs/pipeline_v1_fixed/20260731_203240_fusionsf_fixedv1_prelim_power_nwp_sites10_seed42/checkpoints/epoch_epoch=004.ckpt,/home/zhaopp/workspace/FusionSF/outputs/pipeline_v1_fixed/20260731_203240_fusionsf_fixedv1_prelim_power_nwp_sites10_seed42/predictions.npy,/home/zhaopp/workspace/FusionSF/outputs/pipeline_v1_fixed/20260731_203240_fusionsf_fixedv1_prelim_power_nwp_sites10_seed42/targets.npy,0.04463646913341082,0.09064054960061357,2036.1375782913078,,,Capacity-normalized metrics are empty until station capacity metadata is supplied.,false,,,,,
20260731_203240_fusionsf_fixedv1_prelim_full_sites10_seed42,pipeline_v1_fixed,valid_or_debug,2026-07-31,5b00ce38d3a22bdf2f38790a5891e2990baa249c,MMSP,0|1|2|3|4|5|6|7|8|9,0|1|2|3|4|5|6|7|8|9,24,24,0.6,0.2,0.2,42,16,0.0016,10,val/mae,power|future_nwp|satellite,full_modalities,0.85,0.15,False,False,False,chronological_target_split_v1,train_sites_and_time_only_fit_v1,/home/zhaopp/workspace/FusionSF/outputs/pipeline_v1_fixed/20260731_203240_fusionsf_fixedv1_prelim_full_sites10_seed42,/home/zhaopp/workspace/FusionSF/outputs/pipeline_v1_fixed/20260731_203240_fusionsf_fixedv1_prelim_full_sites10_seed42/checkpoints/epoch_epoch=001.ckpt,/home/zhaopp/workspace/FusionSF/outputs/pipeline_v1_fixed/20260731_203240_fusionsf_fixedv1_prelim_full_sites10_seed42/predictions.npy,/home/zhaopp/workspace/FusionSF/outputs/pipeline_v1_fixed/20260731_203240_fusionsf_fixedv1_prelim_full_sites10_seed42/targets.npy,0.043487043752891884,0.09030172229292291,2523.6246838832935,,,Capacity-normalized metrics are empty until station capacity metadata is supplied.,false,,,,,
20260731_203240_fusionsf_fixedv1_prelim_zeroshot_train10_19_test0_9_seed42,pipeline_v1_fixed,valid_or_debug,2026-07-31,5b00ce38d3a22bdf2f38790a5891e2990baa249c,MMSP,10|11|12|13|14|15|16|17|18|19,0|1|2|3|4|5|6|7|8|9,24,24,0.6,0.2,0.2,42,16,0.0016,10,val/mae,power|future_nwp|satellite,full_modalities,0.85,0.15,False,False,False,chronological_target_split_v1,train_sites_and_time_only_fit_v1,/home/zhaopp/workspace/FusionSF/outputs/pipeline_v1_fixed/20260731_203240_fusionsf_fixedv1_prelim_zeroshot_train10_19_test0_9_seed42,/home/zhaopp/workspace/FusionSF/outputs/pipeline_v1_fixed/20260731_203240_fusionsf_fixedv1_prelim_zeroshot_train10_19_test0_9_seed42/checkpoints/epoch_epoch=003.ckpt,/home/zhaopp/workspace/FusionSF/outputs/pipeline_v1_fixed/20260731_203240_fusionsf_fixedv1_prelim_zeroshot_train10_19_test0_9_seed42/predictions.npy,/home/zhaopp/workspace/FusionSF/outputs/pipeline_v1_fixed/20260731_203240_fusionsf_fixedv1_prelim_zeroshot_train10_19_test0_9_seed42/targets.npy,0.053094285580362686,0.10073299927179225,2182.889896863413,,,Capacity-normalized metrics are empty until station capacity metadata is supplied.,false,,,,,
20260731_223710_fusionsf_fixedv1_clean30_power_sites10_seed42,pipeline_v1_fixed,valid_or_debug,2026-08-01,0a086db87e89fc1ad128caa4fdc1fa8284e10456,MMSP,0|1|2|3|4|5|6|7|8|9,0|1|2|3|4|5|6|7|8|9,24,24,0.6,0.2,0.2,42,16,0.0016,30,val/mae,power,full_modalities,0.0,0.0,False,False,False,chronological_target_split_v1,train_sites_and_time_only_fit_v1,/home/zhaopp/workspace/FusionSF/outputs/pipeline_v1_fixed/20260731_223710_fusionsf_fixedv1_clean30_power_sites10_seed42,/home/zhaopp/workspace/FusionSF/outputs/pipeline_v1_fixed/20260731_223710_fusionsf_fixedv1_clean30_power_sites10_seed42/checkpoints/epoch_epoch=002.ckpt,/home/zhaopp/workspace/FusionSF/outputs/pipeline_v1_fixed/20260731_223710_fusionsf_fixedv1_clean30_power_sites10_seed42/predictions.npy,/home/zhaopp/workspace/FusionSF/outputs/pipeline_v1_fixed/20260731_223710_fusionsf_fixedv1_clean30_power_sites10_seed42/targets.npy,0.07041121927956999,0.12182317064911205,5095.401127536937,,,Capacity-normalized metrics are empty until station capacity metadata is supplied.,false,,,,,
20260731_224035_fusionsf_fixedv1_clean30_full_sites10_seed42,pipeline_v1_fixed,valid_or_debug,2026-08-01,0a086db87e89fc1ad128caa4fdc1fa8284e10456,MMSP,0|1|2|3|4|5|6|7|8|9,0|1|2|3|4|5|6|7|8|9,24,24,0.6,0.2,0.2,42,16,0.0016,30,val/mae,power|future_nwp|satellite,full_modalities,0.0,0.0,False,False,False,chronological_target_split_v1,train_sites_and_time_only_fit_v1,/home/zhaopp/workspace/FusionSF/outputs/pipeline_v1_fixed/20260731_224035_fusionsf_fixedv1_clean30_full_sites10_seed42,/home/zhaopp/workspace/FusionSF/outputs/pipeline_v1_fixed/20260731_224035_fusionsf_fixedv1_clean30_full_sites10_seed42/checkpoints/epoch_epoch=001.ckpt,/home/zhaopp/workspace/FusionSF/outputs/pipeline_v1_fixed/20260731_224035_fusionsf_fixedv1_clean30_full_sites10_seed42/predictions.npy,/home/zhaopp/workspace/FusionSF/outputs/pipeline_v1_fixed/20260731_224035_fusionsf_fixedv1_clean30_full_sites10_seed42/targets.npy,0.04441604899699981,0.09527788595636248,2513.342046357747,,,Capacity-normalized metrics are empty until station capacity metadata is supplied.,true,both,none|mean,64,/home/zhaopp/workspace/FusionSF/outputs/pipeline_v1_fixed/20260731_224035_fusionsf_fixedv1_clean30_full_sites10_seed42/embedding_export_clean30_test,/home/zhaopp/workspace/FusionSF/outputs/pipeline_v1_fixed/20260731_224035_fusionsf_fixedv1_clean30_full_sites10_seed42/checkpoints/epoch_epoch=001.ckpt
20260731_223710_fusionsf_fixedv1_clean30_power_nwp_sites10_seed42,pipeline_v1_fixed,valid_or_debug,2026-08-01,0a086db87e89fc1ad128caa4fdc1fa8284e10456,MMSP,0|1|2|3|4|5|6|7|8|9,0|1|2|3|4|5|6|7|8|9,24,24,0.6,0.2,0.2,42,16,0.0016,30,val/mae,power|future_nwp,full_modalities,0.0,0.0,False,False,False,chronological_target_split_v1,train_sites_and_time_only_fit_v1,/home/zhaopp/workspace/FusionSF/outputs/pipeline_v1_fixed/20260731_223710_fusionsf_fixedv1_clean30_power_nwp_sites10_seed42,/home/zhaopp/workspace/FusionSF/outputs/pipeline_v1_fixed/20260731_223710_fusionsf_fixedv1_clean30_power_nwp_sites10_seed42/checkpoints/epoch_epoch=006.ckpt,/home/zhaopp/workspace/FusionSF/outputs/pipeline_v1_fixed/20260731_223710_fusionsf_fixedv1_clean30_power_nwp_sites10_seed42/predictions.npy,/home/zhaopp/workspace/FusionSF/outputs/pipeline_v1_fixed/20260731_223710_fusionsf_fixedv1_clean30_power_nwp_sites10_seed42/targets.npy,0.042499811197346735,0.09126207007488182,1625.183058806327,,,Capacity-normalized metrics are empty until station capacity metadata is supplied.,false,,,,,
20260731_224035_fusionsf_fixedv1_clean30_zeroshot_train10_19_test0_9_seed42,pipeline_v1_fixed,valid_or_debug,2026-08-01,0a086db87e89fc1ad128caa4fdc1fa8284e10456,MMSP,10|11|12|13|14|15|16|17|18|19,0|1|2|3|4|5|6|7|8|9,24,24,0.6,0.2,0.2,42,16,0.0016,30,val/mae,power|future_nwp|satellite,full_modalities,0.0,0.0,False,False,False,chronological_target_split_v1,train_sites_and_time_only_fit_v1,/home/zhaopp/workspace/FusionSF/outputs/pipeline_v1_fixed/20260731_224035_fusionsf_fixedv1_clean30_zeroshot_train10_19_test0_9_seed42,/home/zhaopp/workspace/FusionSF/outputs/pipeline_v1_fixed/20260731_224035_fusionsf_fixedv1_clean30_zeroshot_train10_19_test0_9_seed42/checkpoints/epoch_epoch=006.ckpt,/home/zhaopp/workspace/FusionSF/outputs/pipeline_v1_fixed/20260731_224035_fusionsf_fixedv1_clean30_zeroshot_train10_19_test0_9_seed42/predictions.npy,/home/zhaopp/workspace/FusionSF/outputs/pipeline_v1_fixed/20260731_224035_fusionsf_fixedv1_clean30_zeroshot_train10_19_test0_9_seed42/targets.npy,0.05311224160766128,0.10130515702820234,1814.1449921995038,,,Capacity-normalized metrics are empty until station capacity metadata is supplied.,true,both,none|mean,64,/home/zhaopp/workspace/FusionSF/outputs/pipeline_v1_fixed/20260731_224035_fusionsf_fixedv1_clean30_zeroshot_train10_19_test0_9_seed42/embedding_export_clean30_test,/home/zhaopp/workspace/FusionSF/outputs/pipeline_v1_fixed/20260731_224035_fusionsf_fixedv1_clean30_zeroshot_train10_19_test0_9_seed42/checkpoints/epoch_epoch=006.ckpt
20260807_185653_fusionsf_fixedv1_legacy_matched_vq_all_off_seed42,pipeline_v1_fixed,valid_or_debug,2026-08-08,5b7a76a5591d5ba0fe5e0e8c051d2d3b2909f68f,MMSP,0|1|2|3|4|5|6|7|8|9,0|1|2|3|4|5|6|7|8|9,24,24,0.6,0.2,0.2,42,16,0.0016,100,val/mae,power|future_nwp|satellite,full_modalities,0.99,0.0,False,False,False,chronological_target_split_v1,train_sites_and_time_only_fit_v1,/home/zhaopp/workspace/FusionSF/outputs/pipeline_v1_fixed/20260807_185653_fusionsf_fixedv1_legacy_matched_vq_all_off_seed42,/home/zhaopp/workspace/FusionSF/outputs/pipeline_v1_fixed/20260807_185653_fusionsf_fixedv1_legacy_matched_vq_all_off_seed42/checkpoints/epoch_epoch=003.ckpt,/home/zhaopp/workspace/FusionSF/outputs/pipeline_v1_fixed/20260807_185653_fusionsf_fixedv1_legacy_matched_vq_all_off_seed42/predictions.npy,/home/zhaopp/workspace/FusionSF/outputs/pipeline_v1_fixed/20260807_185653_fusionsf_fixedv1_legacy_matched_vq_all_off_seed42/targets.npy,0.042090703490805036,0.09481537208379888,1791.2510301116474,,,Capacity-normalized metrics are empty until station capacity metadata is supplied.,false,,,,,
20260807_172955_fusionsf_fixedv1_legacy_matched_zeroshot_vq_all_off_seed42,pipeline_v1_fixed,valid_or_debug,2026-08-08,5b7a76a5591d5ba0fe5e0e8c051d2d3b2909f68f,MMSP,10|11|12|13|14|15|16|17|18|19,0|1|2|3|4|5|6|7|8|9,24,24,0.6,0.2,0.2,42,16,0.0016,100,val/mae,power|future_nwp|satellite,full_modalities,0.99,0.0,False,False,False,chronological_target_split_v1,train_sites_and_time_only_fit_v1,/home/zhaopp/workspace/FusionSF/outputs/pipeline_v1_fixed/20260807_172955_fusionsf_fixedv1_legacy_matched_zeroshot_vq_all_off_seed42,/home/zhaopp/workspace/FusionSF/outputs/pipeline_v1_fixed/20260807_172955_fusionsf_fixedv1_legacy_matched_zeroshot_vq_all_off_seed42/checkpoints/epoch_epoch=031.ckpt,/home/zhaopp/workspace/FusionSF/outputs/pipeline_v1_fixed/20260807_172955_fusionsf_fixedv1_legacy_matched_zeroshot_vq_all_off_seed42/predictions.npy,/home/zhaopp/workspace/FusionSF/outputs/pipeline_v1_fixed/20260807_172955_fusionsf_fixedv1_legacy_matched_zeroshot_vq_all_off_seed42/targets.npy,0.043717110393025144,0.09086590666625576,1674.9469667807175,,,Capacity-normalized metrics are empty until station capacity metadata is supplied.,false,,,,,
20260808_134459_fusionsf_fixedv1_legacy_matched_zeroshot_vq_paper_best_seed42,pipeline_v1_fixed,valid_or_debug,2026-08-08,5b7a76a5591d5ba0fe5e0e8c051d2d3b2909f68f,MMSP,10|11|12|13|14|15|16|17|18|19,0|1|2|3|4|5|6|7|8|9,24,24,0.6,0.2,0.2,42,16,0.0016,100,val/mae,power|future_nwp|satellite,full_modalities,0.99,0.0,True,True,False,chronological_target_split_v1,train_sites_and_time_only_fit_v1,/home/zhaopp/workspace/FusionSF/outputs/pipeline_v1_fixed/20260808_134459_fusionsf_fixedv1_legacy_matched_zeroshot_vq_paper_best_seed42,/home/zhaopp/workspace/FusionSF/outputs/pipeline_v1_fixed/20260808_134459_fusionsf_fixedv1_legacy_matched_zeroshot_vq_paper_best_seed42/checkpoints/epoch_epoch=003.ckpt,/home/zhaopp/workspace/FusionSF/outputs/pipeline_v1_fixed/20260808_134459_fusionsf_fixedv1_legacy_matched_zeroshot_vq_paper_best_seed42/predictions.npy,/home/zhaopp/workspace/FusionSF/outputs/pipeline_v1_fixed/20260808_134459_fusionsf_fixedv1_legacy_matched_zeroshot_vq_paper_best_seed42/targets.npy,0.04271258916830273,0.08645056204614862,1631.7454380545757,,,Capacity-normalized metrics are empty until station capacity metadata is supplied.,false,,,,,
20260808_033831_fusionsf_fixedv1_legacy_matched_vq_paper_best_seed42,pipeline_v1_fixed,valid_or_debug,2026-08-09,5b7a76a5591d5ba0fe5e0e8c051d2d3b2909f68f,MMSP,0|1|2|3|4|5|6|7|8|9,0|1|2|3|4|5|6|7|8|9,24,24,0.6,0.2,0.2,42,16,0.0016,100,val/mae,power|future_nwp|satellite,full_modalities,0.99,0.0,True,True,False,chronological_target_split_v1,train_sites_and_time_only_fit_v1,/home/zhaopp/workspace/FusionSF/outputs/pipeline_v1_fixed/20260808_033831_fusionsf_fixedv1_legacy_matched_vq_paper_best_seed42,/home/zhaopp/workspace/FusionSF/outputs/pipeline_v1_fixed/20260808_033831_fusionsf_fixedv1_legacy_matched_vq_paper_best_seed42/checkpoints/epoch_epoch=050.ckpt,/home/zhaopp/workspace/FusionSF/outputs/pipeline_v1_fixed/20260808_033831_fusionsf_fixedv1_legacy_matched_vq_paper_best_seed42/predictions.npy,/home/zhaopp/workspace/FusionSF/outputs/pipeline_v1_fixed/20260808_033831_fusionsf_fixedv1_legacy_matched_vq_paper_best_seed42/targets.npy,0.043605143856497657,0.09582342582199459,1686.0754223531994,,,Capacity-normalized metrics are empty until station capacity metadata is supplied.,false,,,,,
fusionSF_legacy_zeroshot_vq_paper_best_identity_20260810_seed42,legacy_output_activation_identity,completed,2026-08-10,5b7a76a,MMSP,10|11|12|13|14|15|16|17|18|19,0|1|2|3|4|5|6|7|8|9,24,24,0.6,0.2,0.2,42,16,0.0016,100,val/mae,power|future_nwp|satellite,full_modalities,0.99,0.0,True,True,False,window_split_v0,global_fit_v0,/home/zhaopp/workspace/FusionSF/logs/fusionSF_legacy_zeroshot_vq_paper_best_identity_20260810_seed42,/home/zhaopp/workspace/FusionSF/logs/fusionSF_legacy_zeroshot_vq_paper_best_identity_20260810_seed42/runs/1/checkpoints/epoch_epoch=003.ckpt,/home/zhaopp/workspace/FusionSF/logs/fusionSF_legacy_zeroshot_vq_paper_best_identity_20260810_seed42/runs/1/src.models.fusionSF_3modal.FusionSF3M/outputs.npy,/home/zhaopp/workspace/FusionSF/logs/fusionSF_legacy_zeroshot_vq_paper_best_identity_20260810_seed42/runs/1/src.models.fusionSF_3modal.FusionSF3M/targets.npy,0.042264875024557114,0.08921730518341064,1905.2298583984375,,,Identity-only rerun removed the ReLU near/all-zero degeneration; versus ReLU MAE/RMSE improved 76.357%/70.700%,false,,,,,
20260816_002250_fusionsf_fixedv1_chronos_prior_baseline_seed42,pipeline_v1_fixed,valid_or_debug,2026-08-16,adb77ee32aba8df862f8ad30370859db7cf0a377,MMSP,10|11|12|13|14|15|16|17|18|19,0|1|2|3|4|5|6|7|8|9,24,24,0.6,0.2,0.2,42,16,0.0016,100,val/mae,power|future_nwp|satellite,full_modalities,0.99,0.0,True,True,False,chronological_target_split_v1,train_sites_and_time_only_fit_v1,/home/zhaopp/workspace/FusionSF/outputs/pipeline_v1_fixed/20260816_002250_fusionsf_fixedv1_chronos_prior_baseline_seed42,None,/home/zhaopp/workspace/FusionSF/outputs/pipeline_v1_fixed/20260816_002250_fusionsf_fixedv1_chronos_prior_baseline_seed42/predictions.npy,/home/zhaopp/workspace/FusionSF/outputs/pipeline_v1_fixed/20260816_002250_fusionsf_fixedv1_chronos_prior_baseline_seed42/targets.npy,0.48937068440746617,0.5872757148075437,249.278004910553,,,Capacity-normalized metrics are empty until station capacity metadata is supplied.,false,,,,,
20260816_002312_fusionsf_fixedv1_chronos_prior_mlp_seed42,pipeline_v1_fixed,valid_or_debug,2026-08-16,adb77ee32aba8df862f8ad30370859db7cf0a377,MMSP,10|11|12|13|14|15|16|17|18|19,0|1|2|3|4|5|6|7|8|9,24,24,0.6,0.2,0.2,42,16,0.0016,100,val/mae,power|future_nwp|satellite,full_modalities,0.99,0.0,True,True,False,chronological_target_split_v1,train_sites_and_time_only_fit_v1,/home/zhaopp/workspace/FusionSF/outputs/pipeline_v1_fixed/20260816_002312_fusionsf_fixedv1_chronos_prior_mlp_seed42,None,/home/zhaopp/workspace/FusionSF/outputs/pipeline_v1_fixed/20260816_002312_fusionsf_fixedv1_chronos_prior_mlp_seed42/predictions.npy,/home/zhaopp/workspace/FusionSF/outputs/pipeline_v1_fixed/20260816_002312_fusionsf_fixedv1_chronos_prior_mlp_seed42/targets.npy,0.81624276397622,0.9798390734954461,267.7466059155898,,,Capacity-normalized metrics are empty until station capacity metadata is supplied.,false,,,,,
20260816_002334_fusionsf_fixedv1_chronos_prior_frozen_seed42,pipeline_v1_fixed,valid_or_debug,2026-08-16,adb77ee32aba8df862f8ad30370859db7cf0a377,MMSP,10|11|12|13|14|15|16|17|18|19,0|1|2|3|4|5|6|7|8|9,24,24,0.6,0.2,0.2,42,16,0.0016,100,val/mae,power|future_nwp|satellite,full_modalities,0.99,0.0,True,True,False,chronological_target_split_v1,train_sites_and_time_only_fit_v1,/home/zhaopp/workspace/FusionSF/outputs/pipeline_v1_fixed/20260816_002334_fusionsf_fixedv1_chronos_prior_frozen_seed42,None,/home/zhaopp/workspace/FusionSF/outputs/pipeline_v1_fixed/20260816_002334_fusionsf_fixedv1_chronos_prior_frozen_seed42/predictions.npy,/home/zhaopp/workspace/FusionSF/outputs/pipeline_v1_fixed/20260816_002334_fusionsf_fixedv1_chronos_prior_frozen_seed42/targets.npy,0.40202806515545336,0.4888216722966095,205.00056424930472,,,Capacity-normalized metrics are empty until station capacity metadata is supplied.,false,,,,,
20260816_002414_fusionsf_fixedv1_chronos_prior_mlp_seed42,pipeline_v1_fixed,valid_or_debug,2026-08-16,adb77ee32aba8df862f8ad30370859db7cf0a377,MMSP,10|11|12|13|14|15|16|17|18|19,0|1|2|3|4|5|6|7|8|9,24,24,0.6,0.2,0.2,42,16,0.0016,100,val/mae,power|future_nwp|satellite,full_modalities,0.99,0.0,True,True,False,chronological_target_split_v1,train_sites_and_time_only_fit_v1,/home/zhaopp/workspace/FusionSF/outputs/pipeline_v1_fixed/20260816_002414_fusionsf_fixedv1_chronos_prior_mlp_seed42,/home/zhaopp/workspace/FusionSF/outputs/pipeline_v1_fixed/20260816_002414_fusionsf_fixedv1_chronos_prior_mlp_seed42/checkpoints/epoch_epoch=001.ckpt,/home/zhaopp/workspace/FusionSF/outputs/pipeline_v1_fixed/20260816_002414_fusionsf_fixedv1_chronos_prior_mlp_seed42/predictions.npy,/home/zhaopp/workspace/FusionSF/outputs/pipeline_v1_fixed/20260816_002414_fusionsf_fixedv1_chronos_prior_mlp_seed42/targets.npy,0.045678256979815854,0.08798938931991111,1751.78634498514,,,Capacity-normalized metrics are empty until station capacity metadata is supplied.,false,,,,,
20260816_002414_fusionsf_fixedv1_chronos_prior_baseline_seed42,pipeline_v1_fixed,valid_or_debug,2026-08-16,adb77ee32aba8df862f8ad30370859db7cf0a377,MMSP,10|11|12|13|14|15|16|17|18|19,0|1|2|3|4|5|6|7|8|9,24,24,0.6,0.2,0.2,42,16,0.0016,100,val/mae,power|future_nwp|satellite,full_modalities,0.99,0.0,True,True,False,chronological_target_split_v1,train_sites_and_time_only_fit_v1,/home/zhaopp/workspace/FusionSF/outputs/pipeline_v1_fixed/20260816_002414_fusionsf_fixedv1_chronos_prior_baseline_seed42,/home/zhaopp/workspace/FusionSF/outputs/pipeline_v1_fixed/20260816_002414_fusionsf_fixedv1_chronos_prior_baseline_seed42/checkpoints/epoch_epoch=002.ckpt,/home/zhaopp/workspace/FusionSF/outputs/pipeline_v1_fixed/20260816_002414_fusionsf_fixedv1_chronos_prior_baseline_seed42/predictions.npy,/home/zhaopp/workspace/FusionSF/outputs/pipeline_v1_fixed/20260816_002414_fusionsf_fixedv1_chronos_prior_baseline_seed42/targets.npy,0.04230879579234919,0.0900318474287861,2108.3562315429813,,,Capacity-normalized metrics are empty until station capacity metadata is supplied.,false,,,,,
20260816_002414_fusionsf_fixedv1_chronos_prior_frozen_seed42,pipeline_v1_fixed,valid_or_debug,2026-08-16,adb77ee32aba8df862f8ad30370859db7cf0a377,MMSP,10|11|12|13|14|15|16|17|18|19,0|1|2|3|4|5|6|7|8|9,24,24,0.6,0.2,0.2,42,16,0.0016,100,val/mae,power|future_nwp|satellite,full_modalities,0.99,0.0,True,True,False,chronological_target_split_v1,train_sites_and_time_only_fit_v1,/home/zhaopp/workspace/FusionSF/outputs/pipeline_v1_fixed/20260816_002414_fusionsf_fixedv1_chronos_prior_frozen_seed42,/home/zhaopp/workspace/FusionSF/outputs/pipeline_v1_fixed/20260816_002414_fusionsf_fixedv1_chronos_prior_frozen_seed42/checkpoints/epoch_epoch=008.ckpt,/home/zhaopp/workspace/FusionSF/outputs/pipeline_v1_fixed/20260816_002414_fusionsf_fixedv1_chronos_prior_frozen_seed42/predictions.npy,/home/zhaopp/workspace/FusionSF/outputs/pipeline_v1_fixed/20260816_002414_fusionsf_fixedv1_chronos_prior_frozen_seed42/targets.npy,0.04115092562362691,0.0873115617418036,1855.1379545576415,,,Capacity-normalized metrics are empty until station capacity metadata is supplied.,false,,,,,
